{"cameraMode":{"drawMode":0,"name":"Shaded","section":"Shading Mode"},"sceneLighting":true,"audioPlay":false,"sceneViewState":{"showFog":true,"showMaterialUpdate":true,"showSkybox":true,"showFlares":true,"showImageEffects":true,"showParticleSystems":true},"in2DMode":false,"pivot":{"x":-0.39765048027038576,"y":-3.036998748779297,"z":0.8477907180786133},"rotation":{"x":0.27705538272857668,"y":0.20272459089756013,"z":-0.05992520973086357,"w":0.9373257160186768},"size":10.147345542907715,"orthographic":false}